﻿<?xml version="1.0" encoding="utf-8" standalone="yes"?>
<content dir="C:/Nanjing/Aspose.Cells.Java/tmp/additional/doc">
  <book name="com.aspose.cells Package" href="com/aspose/cells/package-summary.html">
    <book name="Classes" href="">
      <item name="AboveAverage" href="com/aspose/cells/AboveAverage.html" />
      <item name="AbstractCalculationEngine" href="com/aspose/cells/AbstractCalculationEngine.html" />
      <item name="ArcShape" href="com/aspose/cells/ArcShape.html" />
      <item name="Area" href="com/aspose/cells/Area.html" />
      <item name="AutoFilter" href="com/aspose/cells/AutoFilter.html" />
      <item name="AutoFitterOptions" href="com/aspose/cells/AutoFitterOptions.html" />
      <item name="AutomaticFill" href="com/aspose/cells/AutomaticFill.html" />
      <item name="Axis" href="com/aspose/cells/Axis.html" />
      <item name="Bevel" href="com/aspose/cells/Bevel.html" />
      <item name="Border" href="com/aspose/cells/Border.html" />
      <item name="BorderCollection" href="com/aspose/cells/BorderCollection.html" />
      <item name="BuiltInDocumentPropertyCollection" href="com/aspose/cells/BuiltInDocumentPropertyCollection.html" />
      <item name="Button" href="com/aspose/cells/Button.html" />
      <item name="CalculationData" href="com/aspose/cells/CalculationData.html" />
      <item name="CalculationOptions" href="com/aspose/cells/CalculationOptions.html" />
      <item name="Cell" href="com/aspose/cells/Cell.html" />
      <item name="CellArea" href="com/aspose/cells/CellArea.html" />
      <item name="Cells" href="com/aspose/cells/Cells.html" />
      <item name="CellsColor" href="com/aspose/cells/CellsColor.html" />
      <item name="CellsDrawing" href="com/aspose/cells/CellsDrawing.html" />
      <item name="CellsException" href="com/aspose/cells/CellsException.html" />
      <item name="CellsFactory" href="com/aspose/cells/CellsFactory.html" />
      <item name="CellsHelper" href="com/aspose/cells/CellsHelper.html" />
      <item name="Chart" href="com/aspose/cells/Chart.html" />
      <item name="ChartArea" href="com/aspose/cells/ChartArea.html" />
      <item name="ChartCollection" href="com/aspose/cells/ChartCollection.html" />
      <item name="ChartDataTable" href="com/aspose/cells/ChartDataTable.html" />
      <item name="ChartFrame" href="com/aspose/cells/ChartFrame.html" />
      <item name="ChartPoint" href="com/aspose/cells/ChartPoint.html" />
      <item name="ChartPointCollection" href="com/aspose/cells/ChartPointCollection.html" />
      <item name="ChartShape" href="com/aspose/cells/ChartShape.html" />
      <item name="ChartTextFrame" href="com/aspose/cells/ChartTextFrame.html" />
      <item name="CheckBox" href="com/aspose/cells/CheckBox.html" />
      <item name="CheckBoxCollection" href="com/aspose/cells/CheckBoxCollection.html" />
      <item name="CollectionBase" href="com/aspose/cells/CollectionBase.html" />
      <item name="Color" href="com/aspose/cells/Color.html" />
      <item name="ColorFilter" href="com/aspose/cells/ColorFilter.html" />
      <item name="ColorHelper" href="com/aspose/cells/ColorHelper.html" />
      <item name="ColorScale" href="com/aspose/cells/ColorScale.html" />
      <item name="Column" href="com/aspose/cells/Column.html" />
      <item name="ColumnCollection" href="com/aspose/cells/ColumnCollection.html" />
      <item name="ComboBox" href="com/aspose/cells/ComboBox.html" />
      <item name="Comment" href="com/aspose/cells/Comment.html" />
      <item name="CommentCollection" href="com/aspose/cells/CommentCollection.html" />
      <item name="CommentShape" href="com/aspose/cells/CommentShape.html" />
      <item name="ConditionalFormattingCollection" href="com/aspose/cells/ConditionalFormattingCollection.html" />
      <item name="ConditionalFormattingIcon" href="com/aspose/cells/ConditionalFormattingIcon.html" />
      <item name="ConditionalFormattingIconCollection" href="com/aspose/cells/ConditionalFormattingIconCollection.html" />
      <item name="ConditionalFormattingResult" href="com/aspose/cells/ConditionalFormattingResult.html" />
      <item name="ConditionalFormattingValue" href="com/aspose/cells/ConditionalFormattingValue.html" />
      <item name="ConditionalFormattingValueCollection" href="com/aspose/cells/ConditionalFormattingValueCollection.html" />
      <item name="ConnectionParameter" href="com/aspose/cells/ConnectionParameter.html" />
      <item name="ConnectionParameterCollection" href="com/aspose/cells/ConnectionParameterCollection.html" />
      <item name="ContentTypeProperty" href="com/aspose/cells/ContentTypeProperty.html" />
      <item name="ContentTypePropertyCollection" href="com/aspose/cells/ContentTypePropertyCollection.html" />
      <item name="CopyOptions" href="com/aspose/cells/CopyOptions.html" />
      <item name="CustomDocumentPropertyCollection" href="com/aspose/cells/CustomDocumentPropertyCollection.html" />
      <item name="CustomFilter" href="com/aspose/cells/CustomFilter.html" />
      <item name="CustomFilterCollection" href="com/aspose/cells/CustomFilterCollection.html" />
      <item name="CustomGeometry" href="com/aspose/cells/CustomGeometry.html" />
      <item name="CustomProperty" href="com/aspose/cells/CustomProperty.html" />
      <item name="CustomPropertyCollection" href="com/aspose/cells/CustomPropertyCollection.html" />
      <item name="CustomXmlPart" href="com/aspose/cells/CustomXmlPart.html" />
      <item name="CustomXmlPartCollection" href="com/aspose/cells/CustomXmlPartCollection.html" />
      <item name="DataBar" href="com/aspose/cells/DataBar.html" />
      <item name="DataBarBorder" href="com/aspose/cells/DataBarBorder.html" />
      <item name="DataLabels" href="com/aspose/cells/DataLabels.html" />
      <item name="DataSorter" href="com/aspose/cells/DataSorter.html" />
      <item name="DateTime" href="com/aspose/cells/DateTime.html" />
      <item name="DateTimeGroupItem" href="com/aspose/cells/DateTimeGroupItem.html" />
      <item name="DBConnection" href="com/aspose/cells/DBConnection.html" />
      <item name="DeleteOptions" href="com/aspose/cells/DeleteOptions.html" />
      <item name="DifSaveOptions" href="com/aspose/cells/DifSaveOptions.html" />
      <item name="DigitalSignature" href="com/aspose/cells/DigitalSignature.html" />
      <item name="DigitalSignatureCollection" href="com/aspose/cells/DigitalSignatureCollection.html" />
      <item name="DisplayUnitLabel" href="com/aspose/cells/DisplayUnitLabel.html" />
      <item name="DocumentProperty" href="com/aspose/cells/DocumentProperty.html" />
      <item name="DocumentPropertyCollection" href="com/aspose/cells/DocumentPropertyCollection.html" />
      <item name="DrawObject" href="com/aspose/cells/DrawObject.html" />
      <item name="DrawObjectEventHandler" href="com/aspose/cells/DrawObjectEventHandler.html" />
      <item name="DropBars" href="com/aspose/cells/DropBars.html" />
      <item name="DxfCollection" href="com/aspose/cells/DxfCollection.html" />
      <item name="DynamicFilter" href="com/aspose/cells/DynamicFilter.html" />
      <item name="Encoding" href="com/aspose/cells/Encoding.html" />
      <item name="ErrorBar" href="com/aspose/cells/ErrorBar.html" />
      <item name="ErrorCheckOption" href="com/aspose/cells/ErrorCheckOption.html" />
      <item name="ErrorCheckOptionCollection" href="com/aspose/cells/ErrorCheckOptionCollection.html" />
      <item name="ExportObjectEvent" href="com/aspose/cells/ExportObjectEvent.html" />
      <item name="ExportTableOptions" href="com/aspose/cells/ExportTableOptions.html" />
      <item name="ExternalConnection" href="com/aspose/cells/ExternalConnection.html" />
      <item name="ExternalConnectionCollection" href="com/aspose/cells/ExternalConnectionCollection.html" />
      <item name="ExternalLink" href="com/aspose/cells/ExternalLink.html" />
      <item name="ExternalLinkCollection" href="com/aspose/cells/ExternalLinkCollection.html" />
      <item name="FileFontSource" href="com/aspose/cells/FileFontSource.html" />
      <item name="FileFormatInfo" href="com/aspose/cells/FileFormatInfo.html" />
      <item name="FileFormatUtil" href="com/aspose/cells/FileFormatUtil.html" />
      <item name="Fill" href="com/aspose/cells/Fill.html" />
      <item name="FillFormat" href="com/aspose/cells/FillFormat.html" />
      <item name="FilterColumn" href="com/aspose/cells/FilterColumn.html" />
      <item name="FilterColumnCollection" href="com/aspose/cells/FilterColumnCollection.html" />
      <item name="FindOptions" href="com/aspose/cells/FindOptions.html" />
      <item name="Floor" href="com/aspose/cells/Floor.html" />
      <item name="FolderFontSource" href="com/aspose/cells/FolderFontSource.html" />
      <item name="Font" href="com/aspose/cells/Font.html" />
      <item name="FontConfigs" href="com/aspose/cells/FontConfigs.html" />
      <item name="FontSetting" href="com/aspose/cells/FontSetting.html" />
      <item name="FontSourceBase" href="com/aspose/cells/FontSourceBase.html" />
      <item name="Format3D" href="com/aspose/cells/Format3D.html" />
      <item name="FormatCondition" href="com/aspose/cells/FormatCondition.html" />
      <item name="FormatConditionCollection" href="com/aspose/cells/FormatConditionCollection.html" />
      <item name="Geometry" href="com/aspose/cells/Geometry.html" />
      <item name="GlobalizationSettings" href="com/aspose/cells/GlobalizationSettings.html" />
      <item name="GlowEffect" href="com/aspose/cells/GlowEffect.html" />
      <item name="GradientFill" href="com/aspose/cells/GradientFill.html" />
      <item name="GradientStop" href="com/aspose/cells/GradientStop.html" />
      <item name="GradientStopCollection" href="com/aspose/cells/GradientStopCollection.html" />
      <item name="GroupBox" href="com/aspose/cells/GroupBox.html" />
      <item name="GroupFill" href="com/aspose/cells/GroupFill.html" />
      <item name="GroupShape" href="com/aspose/cells/GroupShape.html" />
      <item name="HeaderFooterCommand" href="com/aspose/cells/HeaderFooterCommand.html" />
      <item name="HorizontalPageBreak" href="com/aspose/cells/HorizontalPageBreak.html" />
      <item name="HorizontalPageBreakCollection" href="com/aspose/cells/HorizontalPageBreakCollection.html" />
      <item name="HTMLLoadOptions" href="com/aspose/cells/HTMLLoadOptions.html" />
      <item name="HtmlSaveOptions" href="com/aspose/cells/HtmlSaveOptions.html" />
      <item name="Hyperlink" href="com/aspose/cells/Hyperlink.html" />
      <item name="HyperlinkCollection" href="com/aspose/cells/HyperlinkCollection.html" />
      <item name="ICellsDataTable" href="com/aspose/cells/ICellsDataTable.html" />
      <item name="IconFilter" href="com/aspose/cells/IconFilter.html" />
      <item name="IconSet" href="com/aspose/cells/IconSet.html" />
      <item name="ICustomFunction" href="com/aspose/cells/ICustomFunction.html" />
      <item name="ICustomParser" href="com/aspose/cells/ICustomParser.html" />
      <item name="IExportObjectListener" href="com/aspose/cells/IExportObjectListener.html" />
      <item name="IFilePathProvider" href="com/aspose/cells/IFilePathProvider.html" />
      <item name="ImageFormat" href="com/aspose/cells/ImageFormat.html" />
      <item name="ImageOrPrintOptions" href="com/aspose/cells/ImageOrPrintOptions.html" />
      <item name="ImageSaveOptions" href="com/aspose/cells/ImageSaveOptions.html" />
      <item name="ImportTableOptions" href="com/aspose/cells/ImportTableOptions.html" />
      <item name="InterruptMonitor" href="com/aspose/cells/InterruptMonitor.html" />
      <item name="ISmartMarkerCallBack" href="com/aspose/cells/ISmartMarkerCallBack.html" />
      <item name="IStreamProvider" href="com/aspose/cells/IStreamProvider.html" />
      <item name="IWarningCallback" href="com/aspose/cells/IWarningCallback.html" />
      <item name="Label" href="com/aspose/cells/Label.html" />
      <item name="Legend" href="com/aspose/cells/Legend.html" />
      <item name="LegendEntry" href="com/aspose/cells/LegendEntry.html" />
      <item name="LegendEntryCollection" href="com/aspose/cells/LegendEntryCollection.html" />
      <item name="License" href="com/aspose/cells/License.html" />
      <item name="LightCellsDataHandler" href="com/aspose/cells/LightCellsDataHandler.html" />
      <item name="LightCellsDataProvider" href="com/aspose/cells/LightCellsDataProvider.html" />
      <item name="Line" href="com/aspose/cells/Line.html" />
      <item name="LineFormat" href="com/aspose/cells/LineFormat.html" />
      <item name="LineShape" href="com/aspose/cells/LineShape.html" />
      <item name="ListBox" href="com/aspose/cells/ListBox.html" />
      <item name="ListColumn" href="com/aspose/cells/ListColumn.html" />
      <item name="ListColumnCollection" href="com/aspose/cells/ListColumnCollection.html" />
      <item name="ListObject" href="com/aspose/cells/ListObject.html" />
      <item name="ListObjectCollection" href="com/aspose/cells/ListObjectCollection.html" />
      <item name="ListObjectImp" href="com/aspose/cells/ListObjectImp.html" />
      <item name="LoadDataOption" href="com/aspose/cells/LoadDataOption.html" />
      <item name="LoadFilter" href="com/aspose/cells/LoadFilter.html" />
      <item name="LoadOptions" href="com/aspose/cells/LoadOptions.html" />
      <item name="Marker" href="com/aspose/cells/Marker.html" />
      <item name="MemoryFontSource" href="com/aspose/cells/MemoryFontSource.html" />
      <item name="Metered" href="com/aspose/cells/Metered.html" />
      <item name="MsoFillFormat" href="com/aspose/cells/MsoFillFormat.html" />
      <item name="MsoFillFormatHelper" href="com/aspose/cells/MsoFillFormatHelper.html" />
      <item name="MsoFormatPicture" href="com/aspose/cells/MsoFormatPicture.html" />
      <item name="MsoLineFormat" href="com/aspose/cells/MsoLineFormat.html" />
      <item name="MsoLineFormatHelper" href="com/aspose/cells/MsoLineFormatHelper.html" />
      <item name="MsoTextFrame" href="com/aspose/cells/MsoTextFrame.html" />
      <item name="MultipleFilterCollection" href="com/aspose/cells/MultipleFilterCollection.html" />
      <item name="Name" href="com/aspose/cells/Name.html" />
      <item name="NameCollection" href="com/aspose/cells/NameCollection.html" />
      <item name="NegativeBarFormat" href="com/aspose/cells/NegativeBarFormat.html" />
      <item name="NoneFill" href="com/aspose/cells/NoneFill.html" />
      <item name="OdsSaveOptions" href="com/aspose/cells/OdsSaveOptions.html" />
      <item name="OleObject" href="com/aspose/cells/OleObject.html" />
      <item name="OleObjectCollection" href="com/aspose/cells/OleObjectCollection.html" />
      <item name="OoxmlSaveOptions" href="com/aspose/cells/OoxmlSaveOptions.html" />
      <item name="Oval" href="com/aspose/cells/Oval.html" />
      <item name="PageSetup" href="com/aspose/cells/PageSetup.html" />
      <item name="PaneCollection" href="com/aspose/cells/PaneCollection.html" />
      <item name="PasteOptions" href="com/aspose/cells/PasteOptions.html" />
      <item name="PatternFill" href="com/aspose/cells/PatternFill.html" />
      <item name="PdfBookmarkEntry" href="com/aspose/cells/PdfBookmarkEntry.html" />
      <item name="PdfSaveOptions" href="com/aspose/cells/PdfSaveOptions.html" />
      <item name="PdfSecurityOptions" href="com/aspose/cells/PdfSecurityOptions.html" />
      <item name="PicFormatOption" href="com/aspose/cells/PicFormatOption.html" />
      <item name="Picture" href="com/aspose/cells/Picture.html" />
      <item name="PictureCollection" href="com/aspose/cells/PictureCollection.html" />
      <item name="PivotField" href="com/aspose/cells/PivotField.html" />
      <item name="PivotFieldCollection" href="com/aspose/cells/PivotFieldCollection.html" />
      <item name="PivotFilter" href="com/aspose/cells/PivotFilter.html" />
      <item name="PivotFilterCollection" href="com/aspose/cells/PivotFilterCollection.html" />
      <item name="PivotFormatCondition" href="com/aspose/cells/PivotFormatCondition.html" />
      <item name="PivotFormatConditionCollection" href="com/aspose/cells/PivotFormatConditionCollection.html" />
      <item name="PivotItem" href="com/aspose/cells/PivotItem.html" />
      <item name="PivotItemCollection" href="com/aspose/cells/PivotItemCollection.html" />
      <item name="PivotPageFields" href="com/aspose/cells/PivotPageFields.html" />
      <item name="PivotTable" href="com/aspose/cells/PivotTable.html" />
      <item name="PivotTableCollection" href="com/aspose/cells/PivotTableCollection.html" />
      <item name="PlotArea" href="com/aspose/cells/PlotArea.html" />
      <item name="ProtectedRange" href="com/aspose/cells/ProtectedRange.html" />
      <item name="ProtectedRangeCollection" href="com/aspose/cells/ProtectedRangeCollection.html" />
      <item name="Protection" href="com/aspose/cells/Protection.html" />
      <item name="QueryTable" href="com/aspose/cells/QueryTable.html" />
      <item name="QueryTableCollection" href="com/aspose/cells/QueryTableCollection.html" />
      <item name="RadioButton" href="com/aspose/cells/RadioButton.html" />
      <item name="Range" href="com/aspose/cells/Range.html" />
      <item name="RangeCollection" href="com/aspose/cells/RangeCollection.html" />
      <item name="RangeImp" href="com/aspose/cells/RangeImp.html" />
      <item name="RectangleShape" href="com/aspose/cells/RectangleShape.html" />
      <item name="ReferredArea" href="com/aspose/cells/ReferredArea.html" />
      <item name="ReferredAreaCollection" href="com/aspose/cells/ReferredAreaCollection.html" />
      <item name="ReflectionEffect" href="com/aspose/cells/ReflectionEffect.html" />
      <item name="ReplaceOptions" href="com/aspose/cells/ReplaceOptions.html" />
      <item name="Row" href="com/aspose/cells/Row.html" />
      <item name="RowCollection" href="com/aspose/cells/RowCollection.html" />
      <item name="SaveOptions" href="com/aspose/cells/SaveOptions.html" />
      <item name="Scenario" href="com/aspose/cells/Scenario.html" />
      <item name="ScenarioCollection" href="com/aspose/cells/ScenarioCollection.html" />
      <item name="ScenarioInputCell" href="com/aspose/cells/ScenarioInputCell.html" />
      <item name="ScenarioInputCellCollection" href="com/aspose/cells/ScenarioInputCellCollection.html" />
      <item name="ScrollBar" href="com/aspose/cells/ScrollBar.html" />
      <item name="Series" href="com/aspose/cells/Series.html" />
      <item name="SeriesCollection" href="com/aspose/cells/SeriesCollection.html" />
      <item name="ShadowEffect" href="com/aspose/cells/ShadowEffect.html" />
      <item name="Shape" href="com/aspose/cells/Shape.html" />
      <item name="ShapeCollection" href="com/aspose/cells/ShapeCollection.html" />
      <item name="ShapeFormat" href="com/aspose/cells/ShapeFormat.html" />
      <item name="ShapeGuide" href="com/aspose/cells/ShapeGuide.html" />
      <item name="ShapeGuideCollection" href="com/aspose/cells/ShapeGuideCollection.html" />
      <item name="ShapePath" href="com/aspose/cells/ShapePath.html" />
      <item name="ShapePathCollection" href="com/aspose/cells/ShapePathCollection.html" />
      <item name="ShapePathPoint" href="com/aspose/cells/ShapePathPoint.html" />
      <item name="ShapePathPointCollection" href="com/aspose/cells/ShapePathPointCollection.html" />
      <item name="ShapePropertyCollection" href="com/aspose/cells/ShapePropertyCollection.html" />
      <item name="ShapeSegmentPath" href="com/aspose/cells/ShapeSegmentPath.html" />
      <item name="ShapeSegmentPathCollection" href="com/aspose/cells/ShapeSegmentPathCollection.html" />
      <item name="SheetRender" href="com/aspose/cells/SheetRender.html" />
      <item name="SignatureLine" href="com/aspose/cells/SignatureLine.html" />
      <item name="SmartTag" href="com/aspose/cells/SmartTag.html" />
      <item name="SmartTagCollection" href="com/aspose/cells/SmartTagCollection.html" />
      <item name="SmartTagOptions" href="com/aspose/cells/SmartTagOptions.html" />
      <item name="SmartTagProperty" href="com/aspose/cells/SmartTagProperty.html" />
      <item name="SmartTagPropertyCollection" href="com/aspose/cells/SmartTagPropertyCollection.html" />
      <item name="SmartTagSetting" href="com/aspose/cells/SmartTagSetting.html" />
      <item name="SolidFill" href="com/aspose/cells/SolidFill.html" />
      <item name="Sparkline" href="com/aspose/cells/Sparkline.html" />
      <item name="SparklineCollection" href="com/aspose/cells/SparklineCollection.html" />
      <item name="SparklineGroup" href="com/aspose/cells/SparklineGroup.html" />
      <item name="SparklineGroupCollection" href="com/aspose/cells/SparklineGroupCollection.html" />
      <item name="Spinner" href="com/aspose/cells/Spinner.html" />
      <item name="SpreadsheetML2003SaveOptions" href="com/aspose/cells/SpreadsheetML2003SaveOptions.html" />
      <item name="StreamProviderOptions" href="com/aspose/cells/StreamProviderOptions.html" />
      <item name="Style" href="com/aspose/cells/Style.html" />
      <item name="StyleCollection" href="com/aspose/cells/StyleCollection.html" />
      <item name="StyleFlag" href="com/aspose/cells/StyleFlag.html" />
      <item name="SvgSaveOptions" href="com/aspose/cells/SvgSaveOptions.html" />
      <item name="SxRng" href="com/aspose/cells/SxRng.html" />
      <item name="TableStyle" href="com/aspose/cells/TableStyle.html" />
      <item name="TableStyleCollection" href="com/aspose/cells/TableStyleCollection.html" />
      <item name="TableStyleElement" href="com/aspose/cells/TableStyleElement.html" />
      <item name="TableStyleElementCollection" href="com/aspose/cells/TableStyleElementCollection.html" />
      <item name="TextBox" href="com/aspose/cells/TextBox.html" />
      <item name="TextBoxCollection" href="com/aspose/cells/TextBoxCollection.html" />
      <item name="TextEffectFormat" href="com/aspose/cells/TextEffectFormat.html" />
      <item name="TextureFill" href="com/aspose/cells/TextureFill.html" />
      <item name="ThemeColor" href="com/aspose/cells/ThemeColor.html" />
      <item name="ThreeDFormat" href="com/aspose/cells/ThreeDFormat.html" />
      <item name="TickLabels" href="com/aspose/cells/TickLabels.html" />
      <item name="TilePicOption" href="com/aspose/cells/TilePicOption.html" />
      <item name="Title" href="com/aspose/cells/Title.html" />
      <item name="Top10" href="com/aspose/cells/Top10.html" />
      <item name="Top10Filter" href="com/aspose/cells/Top10Filter.html" />
      <item name="Trendline" href="com/aspose/cells/Trendline.html" />
      <item name="TrendlineCollection" href="com/aspose/cells/TrendlineCollection.html" />
      <item name="TxtLoadOptions" href="com/aspose/cells/TxtLoadOptions.html" />
      <item name="TxtSaveOptions" href="com/aspose/cells/TxtSaveOptions.html" />
      <item name="Validation" href="com/aspose/cells/Validation.html" />
      <item name="ValidationCollection" href="com/aspose/cells/ValidationCollection.html" />
      <item name="VbaModule" href="com/aspose/cells/VbaModule.html" />
      <item name="VbaModuleCollection" href="com/aspose/cells/VbaModuleCollection.html" />
      <item name="VbaProject" href="com/aspose/cells/VbaProject.html" />
      <item name="VbaProjectReference" href="com/aspose/cells/VbaProjectReference.html" />
      <item name="VbaProjectReferenceCollection" href="com/aspose/cells/VbaProjectReferenceCollection.html" />
      <item name="VerticalPageBreak" href="com/aspose/cells/VerticalPageBreak.html" />
      <item name="VerticalPageBreakCollection" href="com/aspose/cells/VerticalPageBreakCollection.html" />
      <item name="Walls" href="com/aspose/cells/Walls.html" />
      <item name="WarningInfo" href="com/aspose/cells/WarningInfo.html" />
      <item name="WebQueryConnection" href="com/aspose/cells/WebQueryConnection.html" />
      <item name="Workbook" href="com/aspose/cells/Workbook.html" />
      <item name="WorkbookDesigner" href="com/aspose/cells/WorkbookDesigner.html" />
      <item name="WorkbookRender" href="com/aspose/cells/WorkbookRender.html" />
      <item name="WorkbookSettings" href="com/aspose/cells/WorkbookSettings.html" />
      <item name="Worksheet" href="com/aspose/cells/Worksheet.html" />
      <item name="WorksheetCollection" href="com/aspose/cells/WorksheetCollection.html" />
      <item name="WriteProtection" href="com/aspose/cells/WriteProtection.html" />
      <item name="XlsbSaveOptions" href="com/aspose/cells/XlsbSaveOptions.html" />
      <item name="XlsSaveOptions" href="com/aspose/cells/XlsSaveOptions.html" />
      <item name="XmlColumnProperty" href="com/aspose/cells/XmlColumnProperty.html" />
      <item name="XmlMap" href="com/aspose/cells/XmlMap.html" />
      <item name="XmlMapCollection" href="com/aspose/cells/XmlMapCollection.html" />
      <item name="XpsSaveOptions" href="com/aspose/cells/XpsSaveOptions.html" />
    </book>
    <book name="Constants" href="">
      <item name="AutoShapeType" href="com/aspose/cells/AutoShapeType.html" />
      <item name="AxisType" href="com/aspose/cells/AxisType.html" />
      <item name="BackgroundMode" href="com/aspose/cells/BackgroundMode.html" />
      <item name="BackgroundType" href="com/aspose/cells/BackgroundType.html" />
      <item name="Bar3DShapeType" href="com/aspose/cells/Bar3DShapeType.html" />
      <item name="BevelPresetType" href="com/aspose/cells/BevelPresetType.html" />
      <item name="BevelType" href="com/aspose/cells/BevelType.html" />
      <item name="BorderType" href="com/aspose/cells/BorderType.html" />
      <item name="BubbleSizeRepresents" href="com/aspose/cells/BubbleSizeRepresents.html" />
      <item name="BuiltinStyleType" href="com/aspose/cells/BuiltinStyleType.html" />
      <item name="CalcModeType" href="com/aspose/cells/CalcModeType.html" />
      <item name="CalculationPrecisionStrategy" href="com/aspose/cells/CalculationPrecisionStrategy.html" />
      <item name="CategoryType" href="com/aspose/cells/CategoryType.html" />
      <item name="CellBorderType" href="com/aspose/cells/CellBorderType.html" />
      <item name="CellValueFormatStrategy" href="com/aspose/cells/CellValueFormatStrategy.html" />
      <item name="CellValueType" href="com/aspose/cells/CellValueType.html" />
      <item name="ChartLineFormattingType" href="com/aspose/cells/ChartLineFormattingType.html" />
      <item name="ChartMarkerType" href="com/aspose/cells/ChartMarkerType.html" />
      <item name="ChartSplitType" href="com/aspose/cells/ChartSplitType.html" />
      <item name="ChartType" href="com/aspose/cells/ChartType.html" />
      <item name="CheckValueType" href="com/aspose/cells/CheckValueType.html" />
      <item name="ColorType" href="com/aspose/cells/ColorType.html" />
      <item name="ConnectionDataSourceType" href="com/aspose/cells/ConnectionDataSourceType.html" />
      <item name="ConnectionParameterType" href="com/aspose/cells/ConnectionParameterType.html" />
      <item name="ConsolidationFunction" href="com/aspose/cells/ConsolidationFunction.html" />
      <item name="CountryCode" href="com/aspose/cells/CountryCode.html" />
      <item name="CredentialsMethodType" href="com/aspose/cells/CredentialsMethodType.html" />
      <item name="CrossType" href="com/aspose/cells/CrossType.html" />
      <item name="DataBarAxisPosition" href="com/aspose/cells/DataBarAxisPosition.html" />
      <item name="DataBarBorderType" href="com/aspose/cells/DataBarBorderType.html" />
      <item name="DataBarFillType" href="com/aspose/cells/DataBarFillType.html" />
      <item name="DataBarNegativeColorType" href="com/aspose/cells/DataBarNegativeColorType.html" />
      <item name="DataLablesSeparatorType" href="com/aspose/cells/DataLablesSeparatorType.html" />
      <item name="DateTimeGroupingType" href="com/aspose/cells/DateTimeGroupingType.html" />
      <item name="DirectoryType" href="com/aspose/cells/DirectoryType.html" />
      <item name="DisplayDrawingObjects" href="com/aspose/cells/DisplayDrawingObjects.html" />
      <item name="DisplayUnitType" href="com/aspose/cells/DisplayUnitType.html" />
      <item name="DrawObjectEnum" href="com/aspose/cells/DrawObjectEnum.html" />
      <item name="DynamicFilterType" href="com/aspose/cells/DynamicFilterType.html" />
      <item name="EncryptionType" href="com/aspose/cells/EncryptionType.html" />
      <item name="ErrorBarDisplayType" href="com/aspose/cells/ErrorBarDisplayType.html" />
      <item name="ErrorBarType" href="com/aspose/cells/ErrorBarType.html" />
      <item name="ErrorCheckType" href="com/aspose/cells/ErrorCheckType.html" />
      <item name="ExceptionType" href="com/aspose/cells/ExceptionType.html" />
      <item name="FileFormatType" href="com/aspose/cells/FileFormatType.html" />
      <item name="FillPattern" href="com/aspose/cells/FillPattern.html" />
      <item name="FillPictureType" href="com/aspose/cells/FillPictureType.html" />
      <item name="FillType" href="com/aspose/cells/FillType.html" />
      <item name="FilterOperatorType" href="com/aspose/cells/FilterOperatorType.html" />
      <item name="FilterType" href="com/aspose/cells/FilterType.html" />
      <item name="FontSourceType" href="com/aspose/cells/FontSourceType.html" />
      <item name="FontUnderlineType" href="com/aspose/cells/FontUnderlineType.html" />
      <item name="FormatConditionType" href="com/aspose/cells/FormatConditionType.html" />
      <item name="FormatConditionValueType" href="com/aspose/cells/FormatConditionValueType.html" />
      <item name="FormatSetType" href="com/aspose/cells/FormatSetType.html" />
      <item name="FormattingType" href="com/aspose/cells/FormattingType.html" />
      <item name="GradientColorType" href="com/aspose/cells/GradientColorType.html" />
      <item name="GradientDirectionType" href="com/aspose/cells/GradientDirectionType.html" />
      <item name="GradientFillType" href="com/aspose/cells/GradientFillType.html" />
      <item name="GradientPresetType" href="com/aspose/cells/GradientPresetType.html" />
      <item name="GradientStyleType" href="com/aspose/cells/GradientStyleType.html" />
      <item name="HeaderFooterCommandType" href="com/aspose/cells/HeaderFooterCommandType.html" />
      <item name="HtmlCrossType" href="com/aspose/cells/HtmlCrossType.html" />
      <item name="HtmlExportDataOptions" href="com/aspose/cells/HtmlExportDataOptions.html" />
      <item name="HtmlFormatHandlingType" href="com/aspose/cells/HtmlFormatHandlingType.html" />
      <item name="HtmlHiddenColDisplayType" href="com/aspose/cells/HtmlHiddenColDisplayType.html" />
      <item name="HtmlHiddenRowDisplayType" href="com/aspose/cells/HtmlHiddenRowDisplayType.html" />
      <item name="HtmlLinkTargetType" href="com/aspose/cells/HtmlLinkTargetType.html" />
      <item name="IconSetType" href="com/aspose/cells/IconSetType.html" />
      <item name="LabelPositionType" href="com/aspose/cells/LabelPositionType.html" />
      <item name="LegendPositionType" href="com/aspose/cells/LegendPositionType.html" />
      <item name="LightRigDirectionType" href="com/aspose/cells/LightRigDirectionType.html" />
      <item name="LightRigType" href="com/aspose/cells/LightRigType.html" />
      <item name="LineCapType" href="com/aspose/cells/LineCapType.html" />
      <item name="LineJoinType" href="com/aspose/cells/LineJoinType.html" />
      <item name="LineType" href="com/aspose/cells/LineType.html" />
      <item name="LoadDataFilterOptions" href="com/aspose/cells/LoadDataFilterOptions.html" />
      <item name="LoadFormat" href="com/aspose/cells/LoadFormat.html" />
      <item name="LookAtType" href="com/aspose/cells/LookAtType.html" />
      <item name="LookInType" href="com/aspose/cells/LookInType.html" />
      <item name="MemorySetting" href="com/aspose/cells/MemorySetting.html" />
      <item name="MirrorType" href="com/aspose/cells/MirrorType.html" />
      <item name="MsoArrowheadLength" href="com/aspose/cells/MsoArrowheadLength.html" />
      <item name="MsoArrowheadStyle" href="com/aspose/cells/MsoArrowheadStyle.html" />
      <item name="MsoArrowheadWidth" href="com/aspose/cells/MsoArrowheadWidth.html" />
      <item name="MsoDrawingType" href="com/aspose/cells/MsoDrawingType.html" />
      <item name="MsoLineDashStyle" href="com/aspose/cells/MsoLineDashStyle.html" />
      <item name="MsoLineStyle" href="com/aspose/cells/MsoLineStyle.html" />
      <item name="MsoPresetTextEffect" href="com/aspose/cells/MsoPresetTextEffect.html" />
      <item name="MsoPresetTextEffectShape" href="com/aspose/cells/MsoPresetTextEffectShape.html" />
      <item name="NumberCategoryType" href="com/aspose/cells/NumberCategoryType.html" />
      <item name="OLEDBCommandType" href="com/aspose/cells/OLEDBCommandType.html" />
      <item name="OleFileType" href="com/aspose/cells/OleFileType.html" />
      <item name="OperatorType" href="com/aspose/cells/OperatorType.html" />
      <item name="Outline" href="com/aspose/cells/Outline.html" />
      <item name="PageOrientationType" href="com/aspose/cells/PageOrientationType.html" />
      <item name="PaperSizeType" href="com/aspose/cells/PaperSizeType.html" />
      <item name="ParameterType" href="com/aspose/cells/ParameterType.html" />
      <item name="PasteType" href="com/aspose/cells/PasteType.html" />
      <item name="PdfCompliance" href="com/aspose/cells/PdfCompliance.html" />
      <item name="PdfCompressionCore" href="com/aspose/cells/PdfCompressionCore.html" />
      <item name="PdfOptimizationType" href="com/aspose/cells/PdfOptimizationType.html" />
      <item name="PivotConditionFormatRuleType" href="com/aspose/cells/PivotConditionFormatRuleType.html" />
      <item name="PivotConditionFormatScopeType" href="com/aspose/cells/PivotConditionFormatScopeType.html" />
      <item name="PivotFieldDataDisplayFormat" href="com/aspose/cells/PivotFieldDataDisplayFormat.html" />
      <item name="PivotFieldSubtotalType" href="com/aspose/cells/PivotFieldSubtotalType.html" />
      <item name="PivotFieldType" href="com/aspose/cells/PivotFieldType.html" />
      <item name="PivotFilterType" href="com/aspose/cells/PivotFilterType.html" />
      <item name="PivotGroupByType" href="com/aspose/cells/PivotGroupByType.html" />
      <item name="PivotItemPosition" href="com/aspose/cells/PivotItemPosition.html" />
      <item name="PivotMissingItemLimitType" href="com/aspose/cells/PivotMissingItemLimitType.html" />
      <item name="PivotOptions" href="com/aspose/cells/PivotOptions.html" />
      <item name="PivotTableAutoFormatType" href="com/aspose/cells/PivotTableAutoFormatType.html" />
      <item name="PivotTableStyleType" href="com/aspose/cells/PivotTableStyleType.html" />
      <item name="PlacementType" href="com/aspose/cells/PlacementType.html" />
      <item name="PlotEmptyCellsType" href="com/aspose/cells/PlotEmptyCellsType.html" />
      <item name="PresetCameraType" href="com/aspose/cells/PresetCameraType.html" />
      <item name="PresetMaterialType" href="com/aspose/cells/PresetMaterialType.html" />
      <item name="PresetShadowType" href="com/aspose/cells/PresetShadowType.html" />
      <item name="PresetWordArtStyle" href="com/aspose/cells/PresetWordArtStyle.html" />
      <item name="PrintCommentsType" href="com/aspose/cells/PrintCommentsType.html" />
      <item name="PrintErrorsType" href="com/aspose/cells/PrintErrorsType.html" />
      <item name="PrintingPageType" href="com/aspose/cells/PrintingPageType.html" />
      <item name="PrintOrderType" href="com/aspose/cells/PrintOrderType.html" />
      <item name="PrintSizeType" href="com/aspose/cells/PrintSizeType.html" />
      <item name="PropertyType" href="com/aspose/cells/PropertyType.html" />
      <item name="ProtectionType" href="com/aspose/cells/ProtectionType.html" />
      <item name="ReConnectionMethodType" href="com/aspose/cells/ReConnectionMethodType.html" />
      <item name="RectangleAlignmentType" href="com/aspose/cells/RectangleAlignmentType.html" />
      <item name="ReflectionEffectType" href="com/aspose/cells/ReflectionEffectType.html" />
      <item name="SaveFormat" href="com/aspose/cells/SaveFormat.html" />
      <item name="SelectionType" href="com/aspose/cells/SelectionType.html" />
      <item name="ShapeLockType" href="com/aspose/cells/ShapeLockType.html" />
      <item name="ShapePathType" href="com/aspose/cells/ShapePathType.html" />
      <item name="SheetType" href="com/aspose/cells/SheetType.html" />
      <item name="ShiftType" href="com/aspose/cells/ShiftType.html" />
      <item name="SmartTagShowType" href="com/aspose/cells/SmartTagShowType.html" />
      <item name="SortOrder" href="com/aspose/cells/SortOrder.html" />
      <item name="SparklineAxisMinMaxType" href="com/aspose/cells/SparklineAxisMinMaxType.html" />
      <item name="SparklinePresetStyleType" href="com/aspose/cells/SparklinePresetStyleType.html" />
      <item name="SparklineType" href="com/aspose/cells/SparklineType.html" />
      <item name="SqlDataType" href="com/aspose/cells/SqlDataType.html" />
      <item name="StyleModifyFlag" href="com/aspose/cells/StyleModifyFlag.html" />
      <item name="TableDataSourceType" href="com/aspose/cells/TableDataSourceType.html" />
      <item name="TableStyleElementType" href="com/aspose/cells/TableStyleElementType.html" />
      <item name="TableStyleType" href="com/aspose/cells/TableStyleType.html" />
      <item name="TextAlignmentType" href="com/aspose/cells/TextAlignmentType.html" />
      <item name="TextCapsType" href="com/aspose/cells/TextCapsType.html" />
      <item name="TextDirectionType" href="com/aspose/cells/TextDirectionType.html" />
      <item name="TextOrientationType" href="com/aspose/cells/TextOrientationType.html" />
      <item name="TextOverflowType" href="com/aspose/cells/TextOverflowType.html" />
      <item name="TextStrikeType" href="com/aspose/cells/TextStrikeType.html" />
      <item name="TextureType" href="com/aspose/cells/TextureType.html" />
      <item name="ThemeColorType" href="com/aspose/cells/ThemeColorType.html" />
      <item name="TickLabelPositionType" href="com/aspose/cells/TickLabelPositionType.html" />
      <item name="TickMarkType" href="com/aspose/cells/TickMarkType.html" />
      <item name="TiffCompression" href="com/aspose/cells/TiffCompression.html" />
      <item name="TimePeriodType" href="com/aspose/cells/TimePeriodType.html" />
      <item name="TimeUnit" href="com/aspose/cells/TimeUnit.html" />
      <item name="TotalsCalculation" href="com/aspose/cells/TotalsCalculation.html" />
      <item name="TrendlineType" href="com/aspose/cells/TrendlineType.html" />
      <item name="TxtLoadStyleStrategy" href="com/aspose/cells/TxtLoadStyleStrategy.html" />
      <item name="TxtValueQuoteType" href="com/aspose/cells/TxtValueQuoteType.html" />
      <item name="UpdateLinksType" href="com/aspose/cells/UpdateLinksType.html" />
      <item name="ValidationAlertType" href="com/aspose/cells/ValidationAlertType.html" />
      <item name="ValidationType" href="com/aspose/cells/ValidationType.html" />
      <item name="VbaModuleType" href="com/aspose/cells/VbaModuleType.html" />
      <item name="VbaProjectReferenceType" href="com/aspose/cells/VbaProjectReferenceType.html" />
      <item name="ViewType" href="com/aspose/cells/ViewType.html" />
      <item name="VisibilityType" href="com/aspose/cells/VisibilityType.html" />
      <item name="WarningType" href="com/aspose/cells/WarningType.html" />
      <item name="WeightType" href="com/aspose/cells/WeightType.html" />
    </book>
  </book>
</content>